City,Latitude,Longitude,Temperatures,Temp Max,Humidity,Country,Clouds,Date,Wind Speed
hermanus,-34.4187,19.2345,54.81,54.81,75,ZA,90,1627429578,14.7
ancud,-41.8697,-73.8203,44.13,44.13,84,CL,93,1627429578,3.13
asau,46.4333,26.4,70.99,71.96,71,RO,37,1627429579,5.7
callaway,30.153,-85.5699,81.03,82.33,80,US,1,1627429579,4.0
sept-iles,50.2001,-66.3821,64.13,64.92,70,CA,75,1627429562,7.0
jacareacanga,-6.2222,-57.7528,82.69,82.69,37,BR,13,1627429580,0.45
busselton,-33.65,115.3333,55.85,55.85,76,AU,97,1627429079,14.61
kaitangata,-46.2817,169.8464,52.93,52.93,59,NZ,86,1627428855,3.13
rio grande,-32.035,-52.0986,40.95,40.95,61,BR,5,1627429581,19.82
lebu,-37.6167,-73.65,47.43,47.43,79,CL,0,1627429581,22.44
saskylakh,71.9167,114.0833,60.67,60.67,53,RU,16,1627429582,19.17
pogranichnyy,44.4064,131.3769,88.63,88.63,53,RU,17,1627429582,3.06
jalu,29.0331,21.5482,82.27,82.27,34,LY,0,1627429583,7.38
hithadhoo,-0.6,73.0833,81.1,81.1,78,MV,97,1627429583,8.68
codrington,-38.2667,141.9667,50.14,50.14,77,AU,42,1627429583,21.25
hasaki,35.7333,140.8333,81.32,82.29,80,JP,80,1627429584,16.91
rikitea,-23.1203,-134.9692,74.53,74.53,78,PF,100,1627429584,13.35
cayenne,4.9333,-52.3333,82.09,82.09,87,GF,40,1627429334,5.01
tasiilaq,65.6145,-37.6368,41.16,41.16,80,GL,30,1627429585,7.56
ballina,-28.8667,153.5667,65.07,66.78,63,AU,2,1627429585,8.05
atuona,-9.8,-139.0333,78.22,78.22,65,PF,13,1627429585,16.93
port alfred,-33.5906,26.891,62.02,62.02,85,ZA,14,1627429586,14.43
ribeira grande,38.5167,-28.7,72.34,72.34,84,PT,71,1627429586,10.38
omboue,-1.5746,9.2618,73.11,73.11,83,GA,77,1627429587,5.03
bengkulu,-3.8004,102.2655,73.4,73.4,74,ID,46,1627429587,4.94
puerto ayora,-0.7393,-90.3518,72.09,72.09,79,EC,9,1627429587,11.18
banda aceh,5.5577,95.3222,79.88,79.88,81,ID,36,1627429401,12.62
yeniseysk,58.4497,92.1703,55.99,55.99,85,RU,97,1627429588,5.95
grong,64.4654,12.3149,63.43,63.43,62,NO,60,1627429588,4.56
saint-philippe,-21.3585,55.7679,65.52,65.79,89,RE,56,1627429589,11.74
fortuna,40.5982,-124.1573,58.93,84.18,94,US,1,1627429589,8.05
krasnooktyabrskiy,44.9328,38.3712,63.09,65.08,83,RU,0,1627429590,6.98
chenghai,23.4632,116.768,85.91,85.91,79,CN,64,1627429590,2.24
jamestown,42.097,-79.2353,74.44,75.29,71,US,75,1627429519,4.0
esperance,-33.8667,121.9,44.44,44.44,74,AU,23,1627429591,14.74
avera,33.194,-82.5271,83.01,89.11,56,US,54,1627429591,3.69
harper,4.375,-7.7169,76.95,76.95,74,LR,100,1627429591,8.46
eydhafushi,5.1033,73.0708,81.99,81.99,77,MV,62,1627429592,14.47
springfield,37.2153,-93.2982,89.87,92.17,62,US,1,1627429592,1.99
punta arenas,-53.15,-70.9167,44.71,44.71,81,CL,75,1627429485,19.57
cape town,-33.9258,18.4232,51.87,52.88,88,ZA,20,1627429395,2.3
chokurdakh,70.6333,147.9167,44.67,44.67,59,RU,100,1627429593,11.74
provideniya,64.3833,-173.3,50.11,50.11,87,RU,90,1627429594,15.66
kodiak,57.79,-152.4072,60.31,60.31,63,US,20,1627429594,5.75
belawan,3.7755,98.6832,75.49,75.49,92,ID,58,1627429595,5.35
tawang,27.5833,91.8667,57.87,57.87,93,IN,100,1627429595,1.41
kenai,60.5544,-151.2583,63.32,71.02,65,US,1,1627429595,12.66
ekibastuz,51.6667,75.3667,60.31,60.31,46,KZ,25,1627429596,5.23
deputatskiy,69.3,139.9,39.92,39.92,80,RU,95,1627429596,4.34
cidreira,-30.1811,-50.2056,48.94,48.94,51,BR,35,1627429597,18.81
conakry,9.538,-13.6773,78.87,78.87,94,GN,75,1627429597,6.91
bandarbeyla,9.4942,50.8122,80.58,80.58,61,SO,27,1627429370,27.29
souillac,-20.5167,57.5167,69.37,69.37,90,MU,100,1627429598,15.32
oranjemund,-28.55,16.4333,53.64,53.64,83,NA,8,1627429598,4.38
srednekolymsk,67.45,153.6833,37.96,37.96,95,RU,100,1627429599,10.11
hilo,19.7297,-155.09,77.94,80.33,83,US,90,1627429599,10.36
vaini,-21.2,-175.2,68.16,68.16,94,TO,75,1627429599,5.75
kudahuvadhoo,2.6708,72.8944,81.19,81.19,74,MV,99,1627429600,8.7
ushuaia,-54.8,-68.3,37.06,37.06,93,AR,90,1627429600,5.75
ibotirama,-12.1853,-43.2206,75.51,75.51,34,BR,3,1627429601,1.95
kavieng,-2.5744,150.7967,85.59,85.59,68,PG,15,1627429601,10.13
tiksi,71.6872,128.8694,40.55,40.55,83,RU,43,1627429601,12.57
poum,-20.2333,164.0167,72.18,72.18,60,NC,3,1627429602,15.75
ponta do sol,32.6667,-17.1,72.45,73.0,72,PT,8,1627429602,5.35
buluang,13.3068,123.3425,82.35,82.35,82,PH,100,1627429602,13.33
svilengrad,41.7667,26.2,71.69,71.69,54,BG,0,1627429603,2.53
olafsvik,64.8945,-23.7142,51.69,51.69,86,IS,100,1627429603,12.06
pangody,65.85,74.4859,48.94,48.94,65,RU,12,1627429604,9.13
arraial do cabo,-22.9661,-42.0278,78.76,78.76,78,BR,0,1627429604,6.91
joshimath,30.5667,79.5667,72.81,72.81,94,IN,97,1627429605,1.05
alofi,-19.0595,-169.9187,80.49,80.49,69,NU,75,1627429605,5.75
port-gentil,-0.7193,8.7815,75.16,75.16,88,GA,40,1627429606,4.61
rocha,-34.4833,-54.3333,45.12,45.12,80,UY,42,1627429606,18.43
salalah,17.0151,54.0924,78.89,78.89,94,OM,90,1627429607,6.91
cabatuan,10.8794,122.486,83.05,83.05,77,PH,89,1627429607,12.1
linxia,35.6003,103.2064,59.58,59.58,68,CN,4,1627429608,2.55
chicama,-7.8447,-79.1469,64.94,64.94,83,PE,21,1627429608,8.7
ixtapa,20.7,-105.2,88.23,88.23,75,MX,60,1627429608,5.01
college,64.8569,-147.8028,63.9,66.58,68,US,90,1627429609,8.05
nome,64.5011,-165.4064,50.07,50.16,93,US,90,1627429609,13.8
nabire,-3.3667,135.4833,82.4,82.4,74,ID,100,1627429610,2.3
shimoda,34.6667,138.95,88.11,88.11,76,JP,98,1627429610,10.76
vuktyl,63.8567,57.3094,45.01,45.01,93,RU,100,1627429610,16.17
lagoa,39.05,-27.9833,71.2,71.2,86,PT,100,1627429611,9.53
mildura,-34.2,142.15,58.96,58.96,77,AU,29,1627429611,10.36
goderich,43.7501,-81.7165,70.21,72.21,78,CA,17,1627429506,5.75
pangnirtung,66.1451,-65.7125,48.9,48.9,78,CA,100,1627429612,1.9
san patricio,28.017,-97.5169,89.56,93.92,51,US,83,1627429612,12.71
tuktoyaktuk,69.4541,-133.0374,53.6,53.6,71,CA,90,1627429612,5.75
new norfolk,-42.7826,147.0587,53.47,55.92,72,AU,95,1627429613,11.21
torbay,47.6666,-52.7314,66.58,67.15,95,CA,90,1627429613,17.27
hamilton,39.1834,-84.5333,83.91,87.24,61,US,1,1627429571,4.61
robertson,36.5167,-86.8667,87.96,91.4,68,US,1,1627429614,5.75
lyantonde,-0.4031,31.1572,67.1,67.1,49,UG,71,1627429614,2.35
pevek,69.7008,170.3133,35.47,35.47,92,RU,100,1627429614,9.51
digboi,27.3833,95.6333,81.55,81.55,93,IN,98,1627429615,2.08
norrtalje,59.758,18.705,67.44,69.73,98,SE,88,1627429615,1.86
albany,42.6001,-73.9662,66.97,69.75,94,US,67,1627429616,1.7
aleksandrov gay,50.147,48.5704,71.76,71.76,44,RU,66,1627429425,6.69
taoudenni,22.6783,-3.9836,101.73,101.73,9,ML,63,1627429616,9.57
yerbogachen,61.2767,108.0108,74.86,74.86,54,RU,4,1627429617,7.36
mayo,38.8876,-76.5119,86.04,90.77,67,US,1,1627429617,9.22
evensk,61.95,159.2333,60.44,60.44,50,RU,95,1627429374,11.54
araouane,18.9048,-3.5265,96.58,96.58,27,ML,15,1627429618,14.18
hobart,-42.8794,147.3294,54.03,56.26,80,AU,40,1627429579,1.99
vila franca do campo,37.7167,-25.4333,68.41,68.41,87,PT,12,1627429618,8.05
zvishavane,-20.3267,30.0665,48.13,48.13,85,ZW,0,1627429619,0.89
airai,-8.9266,125.4092,67.06,67.06,49,TL,54,1627429619,4.0
east london,-33.0153,27.9116,72.91,72.91,24,ZA,1,1627429620,14.29
igarka,67.4667,86.5833,52.41,52.41,89,RU,100,1627429620,7.9
verkh-usugli,52.7,115.1667,57.76,57.76,97,RU,100,1627429620,2.42
castro,-24.7911,-50.0119,47.59,47.59,95,BR,100,1627429621,6.29
bluff,-46.6,168.3333,51.8,51.8,71,NZ,19,1627429621,12.55
nikolskoye,59.7035,30.7861,62.87,65.01,66,RU,93,1627429622,4.54
bambous virieux,-20.3428,57.7575,69.22,69.22,89,MU,99,1627429622,16.13
mataura,-46.1927,168.8643,51.48,51.48,77,NZ,51,1627429622,0.78
qandala,11.472,49.8728,86.04,86.04,50,SO,14,1627429623,15.7
aklavik,68.2191,-135.0107,60.8,63.43,88,CA,90,1627429623,3.44
nanortalik,60.1432,-45.2371,45.77,45.77,78,GL,62,1627429624,3.67
laguna,38.421,-121.4238,95.92,102.63,25,US,1,1627429624,1.99
poopo,-18.3667,-66.9667,42.93,42.93,29,BO,32,1627429625,19.39
avarua,-21.2078,-159.775,77.05,77.05,61,CK,79,1627429625,5.75
mar del plata,-38.0023,-57.5575,45.99,47.08,66,AR,75,1627429625,14.0
severo-kurilsk,50.6789,156.125,57.78,57.78,94,RU,100,1627429626,6.31
chulman,56.8479,124.9104,69.46,69.46,66,RU,62,1627429626,3.04
broken hill,-31.95,141.4333,56.91,56.91,82,AU,90,1627429626,11.5
tessalit,20.1986,1.0114,88.2,88.2,42,ML,94,1627429627,15.17
burnie,-41.0667,145.9167,54.91,54.91,83,AU,91,1627429336,20.87
wanaka,-44.7,169.15,50.11,50.11,94,NZ,72,1627429627,3.0
butaritari,3.0707,172.7902,81.59,81.59,70,KI,98,1627429628,2.1
hofn,64.2539,-15.2082,54.7,54.7,80,IS,95,1627429628,8.23
reconquista,-29.15,-59.65,45.79,45.79,35,AR,0,1627429629,5.97
cuamba,-14.8031,36.5372,55.47,55.47,91,MZ,21,1627429629,3.89
kloulklubed,7.0419,134.2556,82.9,82.9,76,PW,87,1627429630,9.75
kupang,-10.1667,123.5833,77.58,77.58,73,ID,20,1627429412,10.36
grindavik,63.8424,-22.4338,49.71,51.75,93,IS,0,1627429630,14.97
georgetown,5.4112,100.3354,81.9,82.89,87,MY,20,1627429405,2.3
thompson,55.7435,-97.8558,75.36,75.36,50,CA,90,1627429631,10.36
dehui,44.5333,125.7,82.71,82.71,76,CN,65,1627429631,4.52
tira sujanpur,31.8333,76.5,75.78,75.78,99,IN,100,1627429632,2.51
unecha,52.8459,32.6739,66.58,66.58,74,RU,90,1627429632,8.77
bredasdorp,-34.5322,20.0403,54.72,54.72,71,ZA,100,1627429632,9.22
alugan,12.2188,125.4808,84.72,84.72,66,PH,97,1627429633,11.74
kapaa,22.0752,-159.319,81.54,84.52,76,US,90,1627429633,1.99
solnechnyy,50.7214,136.6319,78.98,78.98,77,RU,66,1627429634,2.48
clarksdale,34.2001,-90.5709,91.49,91.9,66,US,20,1627429634,0.0
upernavik,72.7868,-56.1549,50.04,50.04,71,GL,100,1627429635,12.06
high prairie,55.4334,-116.4858,76.3,76.3,24,CA,13,1627429635,11.21
mount isa,-20.7333,139.5,71.37,71.37,56,AU,63,1627429635,1.14
port elizabeth,-33.918,25.5701,59.29,59.29,88,ZA,0,1627429636,17.27
vardo,70.3705,31.1107,46.6,46.6,88,NO,82,1627429636,12.93
gagarin,55.5529,34.9954,61.57,61.57,92,RU,100,1627429637,5.95
clyde river,70.4692,-68.5914,52.03,52.03,71,CA,75,1627429637,8.05
xining,36.6167,101.7667,56.08,56.08,65,CN,65,1627429638,2.26
leningradskiy,69.3833,178.4167,34.16,34.16,98,RU,100,1627429638,8.66
nelson bay,-32.7167,152.15,60.71,68.77,63,AU,53,1627429638,1.99
yumen,40.2833,97.2,77.59,77.59,20,CN,23,1627429639,4.92
barra dos coqueiros,-10.9089,-37.0386,75.22,75.22,88,BR,40,1627429639,5.75
shahreza,32.0339,51.8794,72.73,72.73,31,IR,1,1627429640,3.22
fort nelson,58.8053,-122.7002,65.79,65.79,72,CA,75,1627429506,2.3
lasa,46.6166,10.7002,61.07,63.86,95,IT,96,1627429640,3.38
cockburn town,21.4612,-71.1419,82.36,82.36,69,TC,40,1627429622,11.5
marsh harbour,26.5412,-77.0636,84.58,84.58,69,BS,56,1627429641,5.66
westport,41.1415,-73.3579,80.01,83.75,59,US,1,1627429641,1.99
nuuk,64.1835,-51.7216,57.81,57.81,35,GL,46,1627429642,23.02
birao,10.2849,22.7882,70.63,70.63,95,CF,100,1627429642,6.58
qaanaaq,77.484,-69.3632,42.01,42.01,99,GL,100,1627429642,7.02
kotaparh,19.15,82.35,73.94,73.94,85,IN,100,1627429643,7.76
mporokoso,-9.3727,30.125,54.18,54.18,56,ZM,32,1627429643,8.81
kiama,-34.6833,150.8667,66.24,67.24,40,AU,75,1627429644,10.0
kingston,17.997,-76.7936,79.16,85.15,86,JM,20,1627429505,10.36
chuy,-33.6971,-53.4616,42.58,42.58,70,UY,11,1627429644,15.95
baishishan,43.5833,127.5667,83.77,83.77,63,CN,14,1627429645,1.68
zhigansk,66.7697,123.3711,55.8,55.8,60,RU,28,1627429645,14.72
saint george,37.1041,-113.5841,96.49,97.79,25,US,1,1627429496,7.0
opunake,-39.4556,173.8583,57.34,57.34,73,NZ,37,1627429646,12.93
lae,-6.7221,146.9847,84.87,84.87,62,PG,49,1627429646,2.8
ponta delgada,37.7333,-25.6667,68.72,68.72,77,PT,20,1627429597,13.8
asyut,27.181,31.1837,80.78,80.78,29,EG,0,1627429647,11.1
longyearbyen,78.2186,15.6401,42.64,42.64,93,SJ,75,1627429647,12.66
kruisfontein,-34.0033,24.7314,52.88,52.88,87,ZA,9,1627429648,16.22
batticaloa,7.7102,81.6924,80.28,80.28,69,LK,99,1627429648,4.5
port hardy,50.6996,-127.4199,64.58,64.58,72,CA,40,1627429649,6.91
bull savanna,17.8868,-77.5902,78.89,78.89,79,JM,95,1627429649,7.14
yatou,37.15,122.3833,82.04,82.04,67,CN,93,1627429649,7.02
arrecife,28.963,-13.5477,71.58,73.47,78,ES,75,1627429650,18.41
guerrero negro,27.9769,-114.0611,77.27,77.27,61,MX,0,1627429369,17.2
lakki marwat,32.6079,70.9114,94.84,94.84,48,PK,74,1627429650,4.94
iqaluit,63.7506,-68.5145,52.7,53.33,50,CA,75,1627429651,11.01
port augusta,-32.5,137.7667,58.71,58.71,60,AU,9,1627429651,14.5
okhotsk,59.3833,143.3,65.73,65.73,74,RU,32,1627429652,9.51
antalaha,-14.9003,50.2788,64.87,64.87,90,MG,5,1627429652,7.27
scottsbluff,41.8666,-103.6672,98.04,100.63,19,US,1,1627429596,5.01
aguimes,27.9054,-15.4461,70.14,70.43,66,ES,75,1627429653,19.57
mount vernon,40.9126,-73.8371,81.1,87.94,52,US,75,1627429653,5.99
lompoc,34.6391,-120.4579,72.5,88.12,75,US,75,1627429653,14.97
quatre cocos,-20.2078,57.7625,69.1,69.1,89,MU,96,1627429654,15.64
port macquarie,-31.4333,152.9167,66.88,66.88,43,AU,5,1627429424,9.26
santa rosa,14.3122,121.1114,78.75,82.9,92,PH,100,1627429654,14.74
mizdah,31.4451,12.9801,69.6,69.6,73,LY,0,1627429655,11.39
yellowknife,62.456,-114.3525,59.86,60.33,47,CA,75,1627429655,5.01
kabalo,-6.05,26.9167,70.11,70.11,41,CD,11,1627429655,4.05
vila,42.0304,-8.1588,54.48,54.73,93,PT,0,1627429656,4.76
adrar,20.5022,-10.0711,89.73,89.73,26,MR,100,1627429656,13.53
corinto,37.9407,22.9573,82.94,86.68,46,GR,0,1627429657,2.71
belmonte,-15.8631,-38.8828,73.9,73.9,85,BR,12,1627429657,10.04
washington,47.5001,-120.5015,89.56,92.93,20,US,72,1627429618,6.53
agadir,30.4202,-9.5982,68.45,68.45,84,MA,17,1627429658,7.63
yar-sale,66.8333,70.8333,48.47,48.47,65,RU,99,1627429658,9.48
okha,53.5739,142.9478,71.33,71.33,83,RU,97,1627429658,4.27
hami,42.8,93.45,86.11,86.11,18,CN,2,1627429659,7.87
ouidah,6.3631,2.0851,78.66,78.66,80,BJ,100,1627429659,12.97
roros,62.5747,11.3842,57.04,57.04,88,NO,90,1627429660,1.14
kieta,-6.2167,155.6333,82.49,82.49,76,PG,97,1627429660,2.8
gizo,-8.103,156.8419,83.14,83.14,72,SB,86,1627429660,8.01
mandalgovi,45.7625,106.2708,67.01,67.01,60,MN,79,1627429661,3.96
prince rupert,54.3161,-130.3201,61.12,62.69,76,CA,90,1627429474,8.05
paveh,35.0434,46.3565,76.21,76.21,27,IR,1,1627429661,1.01
cabo san lucas,22.8909,-109.9124,93.24,96.62,67,MX,43,1627429548,11.79
la ronge,55.1001,-105.2842,77.25,79.02,41,CA,40,1627429662,5.75
haines junction,60.7522,-137.5108,64.35,64.35,59,CA,81,1627429662,5.75
wangou,42.0623,126.9127,80.33,80.33,60,CN,3,1627429663,1.92
krasnoborsk,61.5598,45.934,43.86,43.86,93,RU,20,1627429663,3.49
hachioji,35.6558,139.3239,81.91,85.96,77,JP,40,1627429664,4.61
peniche,39.3558,-9.3811,64.18,66.72,89,PT,0,1627429664,18.12
vila velha,-20.3297,-40.2925,71.55,71.55,88,BR,0,1627429373,4.61
san cristobal,7.7669,-72.225,75.38,75.38,96,VE,25,1627429665,1.52
turkistan,43.0,68.0,73.72,73.72,25,KZ,0,1627429665,6.51
kapustin yar,48.5831,45.7372,72.43,72.43,41,RU,100,1627429666,5.53
belaya gora,68.5333,146.4167,41.27,41.27,79,RU,100,1627429666,11.63
eskisehir,39.7767,30.5206,64.31,64.31,82,TR,0,1627429666,2.3
nizhniy kuranakh,58.8353,125.4869,70.11,70.11,79,RU,13,1627429667,3.85
saldanha,-33.0117,17.9442,55.45,55.45,75,ZA,100,1627429667,8.1
camocim,-2.9022,-40.8411,79.34,79.34,75,BR,70,1627429668,11.68
sainte-suzanne,-20.9061,55.6089,66.38,66.42,88,RE,75,1627429668,14.97
bayir,37.2687,28.2167,77.52,77.52,44,TR,0,1627429669,5.64
agaro,7.85,36.65,60.67,60.67,98,ET,99,1627429669,2.04
nioro,13.35,-15.75,79.32,79.32,76,GM,100,1627429406,8.43
pangkalanbuun,-2.6833,111.6167,77.43,77.43,87,ID,99,1627429670,3.06
panjab,34.388,67.0233,55.42,55.42,52,AF,25,1627429670,6.4
pandan,14.0453,124.1694,85.12,85.12,72,PH,100,1627429670,16.93
carnarvon,-24.8667,113.6333,55.47,55.47,55,AU,90,1627429671,4.61
bitung,1.4451,125.1824,85.05,85.05,78,ID,21,1627429671,15.95
huarmey,-10.0681,-78.1522,65.95,65.95,83,PE,28,1627429672,10.33
kalmunai,7.4167,81.8167,80.6,80.6,71,LK,99,1627429672,3.49
khatanga,71.9667,102.5,80.17,80.17,50,RU,69,1627429673,17.09
tuensang,26.2833,94.8333,70.93,70.93,98,IN,99,1627429673,3.53
salta,-24.7859,-65.4117,45.41,45.57,68,AR,90,1627429674,1.99
wewak,-3.5534,143.6268,83.43,83.43,72,PG,33,1627429674,6.67
pudozh,61.8099,36.5345,52.83,52.83,66,RU,5,1627429674,3.83
caravelas,-17.7125,-39.2481,72.79,72.79,84,BR,2,1627429675,9.71
batemans bay,-35.7167,150.1833,64.08,68.99,45,AU,80,1627429675,10.92
plettenberg bay,-34.0527,23.3716,57.07,57.07,81,ZA,36,1627429676,12.77
ercis,39.0287,43.3586,64.0,64.0,38,TR,43,1627429676,5.79
ilulissat,69.2167,-51.1,55.42,55.42,62,GL,100,1627429676,5.75
birjand,32.8663,59.2211,73.87,73.87,16,IR,11,1627429677,13.8
geraldton,-28.7667,114.6,55.81,59.13,88,AU,90,1627429486,10.36
gambela,8.25,34.5833,69.08,69.08,93,ET,94,1627429678,2.71
sinnamary,5.3833,-52.95,78.71,78.71,83,GF,8,1627429678,8.97
turtas,58.9417,69.1325,47.53,47.53,97,RU,44,1627429678,4.45
bagepalli,13.7847,77.7931,70.14,70.14,82,IN,98,1627429679,12.24
mbandaka,0.0487,18.2603,70.9,70.9,49,CD,37,1627429679,1.63
carutapera,-1.195,-46.02,77.38,77.38,83,BR,24,1627429680,7.85
tiznit,29.5833,-9.5,70.16,70.16,72,MA,0,1627429680,1.92
jiayuguan,39.8167,98.3,76.89,76.89,23,CN,34,1627429680,2.82
roma,43.2128,-75.4557,69.53,70.65,91,US,90,1627429545,3.44
sitka,57.0531,-135.33,58.89,58.89,82,US,75,1627429681,0.0
padre paraiso,-17.0742,-41.4844,62.24,62.24,58,BR,14,1627429681,1.63
narbonne,43.0833,2.8333,72.45,75.43,51,FR,72,1627429682,6.35
ayan,56.45,138.1667,72.36,72.36,63,RU,64,1627429682,2.8
barrow,71.2906,-156.7887,42.82,42.82,87,US,90,1627429502,18.41
wamba,8.9333,8.6,69.51,69.51,88,NG,90,1627429683,2.53
skelleftea,64.7507,20.9528,57.99,57.99,68,SE,89,1627429683,1.14
tuatapere,-46.1333,167.6833,51.82,51.82,71,NZ,11,1627429684,2.8
flinders,-34.5833,150.8552,66.54,67.05,43,AU,78,1627429684,9.6
gat,31.61,34.7642,77.36,79.92,77,IL,0,1627429685,0.69
arman,59.7,150.1667,55.09,55.09,76,RU,100,1627429685,8.63
kahului,20.8947,-156.47,82.8,87.82,69,US,40,1627429674,24.16
warrnambool,-38.3833,142.4833,54.81,54.81,75,AU,46,1627429686,24.38
pisco,-13.7,-76.2167,64.45,64.45,77,PE,0,1627429686,19.57
oistins,13.0667,-59.5333,80.69,80.69,78,BB,40,1627429436,16.11
nara,34.6851,135.8049,83.44,85.24,62,JP,82,1627429687,3.85
praia da vitoria,38.7333,-27.0667,70.05,72.75,100,PT,75,1627429687,7.02
gainesville,29.6516,-82.3248,79.59,86.76,89,US,1,1627429687,6.91
oranjestad,12.524,-70.027,84.15,84.15,79,AW,20,1627429688,12.66
balabac,7.9868,117.0645,84.7,84.7,77,PH,93,1627429688,14.76
mirabad,30.4362,61.8383,86.94,86.94,13,AF,99,1627429689,28.63
norman wells,65.282,-126.8329,69.84,69.84,46,CA,75,1627429689,5.75
dikson,73.5069,80.5464,38.1,38.1,99,RU,100,1627429689,16.2
rudbar,30.15,62.6,87.15,87.15,13,AF,98,1627429690,20.69
aksarka,66.5606,67.7975,46.4,46.4,94,RU,100,1627429690,11.23
korla,41.7597,86.1469,85.35,85.35,18,CN,5,1627429691,11.32
nueva loja,0.0847,-76.8828,81.88,81.88,84,EC,62,1627429691,0.72
nevelsk,46.6733,141.8633,81.03,81.03,78,RU,30,1627429691,4.21
faanui,-16.4833,-151.75,78.1,78.1,73,PF,23,1627429692,7.11
rockhampton,-23.3833,150.5,66.09,66.09,68,AU,49,1627429692,3.44
traverse city,44.7631,-85.6206,74.91,76.37,73,US,20,1627429692,8.05
seymchan,62.8833,152.4333,51.93,51.93,56,RU,81,1627429693,12.66
mahebourg,-20.4081,57.7,69.26,69.26,88,MU,98,1627429693,16.31
lavrentiya,65.5833,-171.0,44.24,44.24,99,RU,100,1627429694,9.62
carnot,4.9409,15.8665,69.93,69.93,93,CF,100,1627429694,1.48
ust-ishim,57.6935,71.1665,51.17,51.17,100,RU,74,1627429694,3.89
katobu,-4.9408,122.5276,79.99,79.99,80,ID,54,1627429695,5.03
paita,-5.0892,-81.1144,67.19,67.19,87,PE,8,1627429695,15.19
ugoofaaru,5.6667,73.0,82.45,82.45,76,MV,59,1627429696,13.62
vestmanna,62.1564,-7.1664,50.92,50.92,100,FO,90,1627429696,4.61
bereda,43.2686,-7.5406,58.26,61.92,94,ES,25,1627429696,2.73
igrim,63.1906,64.4162,41.81,41.81,84,RU,17,1627429697,4.99
wuxue,29.8506,115.5525,79.18,79.18,89,CN,84,1627429697,12.33
katsuura,35.1333,140.3,83.48,84.31,80,JP,93,1627429698,17.6
mukhen,48.1,136.1,89.13,89.13,52,RU,93,1627429698,1.5
berlevag,70.8578,29.0864,46.42,46.42,88,NO,80,1627429699,6.82
sainte-thecle,46.8168,-72.4991,65.89,66.72,68,CA,81,1627429699,5.12
viedma,-40.8135,-62.9967,44.91,44.91,68,AR,95,1627429699,20.2
izhmorskiy,56.194,86.6414,54.99,54.99,77,RU,92,1627429700,3.11
asosa,10.0667,34.5333,58.64,58.64,92,ET,100,1627429701,2.24
zyryanka,65.75,150.85,49.46,49.46,60,RU,100,1627429701,15.88
anadyr,64.75,177.4833,50.0,50.5,93,RU,90,1627429702,20.0
sangar,63.9242,127.4739,66.6,66.6,48,RU,15,1627429702,0.47
barra do garcas,-15.89,-52.2567,77.58,77.58,57,BR,0,1627429702,0.0
inirida,3.8653,-67.9239,73.38,73.38,98,CO,98,1627429703,4.36
otradnoye,59.7775,30.8181,63.18,65.17,65,RU,90,1627429703,4.43
pemangkat,1.1667,108.9667,80.19,80.19,85,ID,99,1627429703,8.03
maniitsoq,65.4167,-52.9,49.24,49.24,80,GL,94,1627429704,16.49
alice springs,-23.7,133.8833,69.35,69.35,30,AU,0,1627429704,6.91
barreirinhas,-2.7469,-42.8264,79.16,79.16,78,BR,67,1627429705,8.9
kilosa,-6.8333,36.9833,60.8,60.8,57,TZ,2,1627429705,1.63
sambava,-14.2667,50.1667,66.2,66.2,84,MG,48,1627429705,9.78
bajil,15.0584,43.2851,86.04,86.04,63,YE,88,1627429706,0.72
missoula,47.0166,-113.8009,84.22,85.84,25,US,77,1627429529,7.92
polis,35.0367,32.4264,74.28,84.02,75,CY,0,1627429706,3.31
romny,50.751,33.4747,68.2,68.2,43,UA,50,1627429707,7.27
havre-saint-pierre,50.2334,-63.5986,59.36,59.36,94,CA,90,1627429707,8.05
namie,37.4833,141.0,82.09,83.71,75,JP,99,1627429708,1.01
baruun-urt,46.6806,113.2792,70.77,70.77,50,MN,61,1627429708,3.44
roald,62.5833,6.1333,61.66,68.16,88,NO,75,1627429709,2.3
damietta,31.4165,31.8133,82.29,82.29,70,EG,0,1627429709,11.27
ust-ilimsk,58.0006,102.6619,74.08,74.08,47,RU,1,1627429709,2.19
byron bay,-28.65,153.6167,64.85,71.06,59,AU,3,1627429710,15.1
seoul,37.5683,126.9778,84.63,85.57,68,KR,0,1627429702,3.44
shelburne,44.0787,-80.2041,68.81,73.13,67,CA,55,1627429578,5.17
garchitorena,13.8804,123.6946,83.16,83.16,77,PH,100,1627429710,11.9
los llanos de aridane,28.6585,-17.9182,66.13,69.55,92,ES,75,1627429711,18.41
conceicao do mato dentro,-19.0372,-43.425,62.67,62.67,43,BR,9,1627429711,1.41
pavullo nel frignano,44.3315,10.835,65.34,68.76,76,IT,28,1627429712,25.32
vagay,57.9375,69.0217,51.15,51.15,98,RU,59,1627429712,4.12
chanika,-5.4167,38.0167,59.29,59.29,97,TZ,28,1627429712,3.15
bara,10.3744,10.7288,72.21,72.21,90,NG,100,1627429713,4.05
lorengau,-2.0226,147.2712,84.42,84.42,74,PG,10,1627429713,6.64
durham,36.0335,-78.8664,84.65,88.34,77,US,75,1627429466,1.01
brae,60.3964,-1.353,55.31,55.31,94,GB,65,1627429714,4.76
shitanjing,39.2342,106.3439,70.93,70.93,50,CN,7,1627429714,3.4
owando,-0.4819,15.8999,75.33,75.33,54,CG,78,1627429715,3.22
xiongzhou,25.1167,114.3,85.42,85.42,70,CN,21,1627429715,2.08
daru,-9.0763,143.2092,78.73,78.73,88,PG,97,1627429716,12.86
talnakh,69.4865,88.3972,65.05,65.05,88,RU,92,1627429716,6.26
hukuntsi,-24.0,21.75,46.29,46.29,47,BW,0,1627429716,11.3
yagodnoye,62.55,149.6667,49.39,49.39,58,RU,100,1627429717,10.78
ambon,-3.6954,128.1814,80.74,80.74,89,ID,40,1627429717,3.44
celestun,20.8667,-90.4,84.45,84.45,72,MX,69,1627429718,9.44
bar harbor,44.3876,-68.2039,71.22,73.54,56,US,1,1627429718,8.05
juxtlahuaca,17.4294,-99.1467,74.82,74.82,93,MX,96,1627429719,4.83
vestmannaeyjar,63.4427,-20.2734,52.93,52.93,86,IS,43,1627429719,9.37
esmeraldas,-19.7625,-44.3139,66.24,72.64,36,BR,4,1627429720,1.66
port-cartier,50.0334,-66.8654,63.81,64.62,69,CA,96,1627429720,12.26
guangyuan,32.442,105.823,75.31,75.31,76,CN,3,1627429721,5.06
sao jose da coroa grande,-8.8978,-35.1478,74.61,74.61,86,BR,21,1627429721,6.67
ahipara,-35.1667,173.1667,59.45,59.45,82,NZ,47,1627429721,8.46
gerash,27.6652,54.1371,90.27,90.27,32,IR,55,1627429722,4.65
gidam,18.9833,81.4,73.83,73.83,90,IN,100,1627429722,4.72
beringovskiy,63.05,179.3167,49.46,49.46,92,RU,100,1627429723,9.01
limbang,4.75,115.0,78.91,80.91,79,MY,61,1627429723,2.89
richards bay,-28.783,32.0377,62.31,62.31,69,ZA,4,1627429723,15.21
macusani,-14.0833,-70.4333,36.27,36.27,81,PE,62,1627429724,6.6
cairns,-16.9167,145.7667,76.1,77.11,71,AU,75,1627429724,5.75
polovinnoye,54.7914,65.9864,53.1,53.1,89,RU,53,1627429724,7.65
aripuana,-9.1667,-60.6333,80.76,80.76,43,BR,72,1627429725,1.01
severo-yeniseyskiy,60.3725,93.0408,53.51,53.51,93,RU,100,1627429725,6.71
russell,32.3502,-85.1999,75.22,78.03,88,US,20,1627429505,0.0
kavaratti,10.5669,72.642,81.7,81.7,78,IN,100,1627429726,19.93
sabha,27.0377,14.4283,83.73,83.73,23,LY,0,1627429726,12.06
teguise,29.0605,-13.564,68.22,68.22,78,ES,75,1627429727,18.41
hualmay,-11.0964,-77.6139,64.24,64.24,84,PE,37,1627429727,11.23
urengoy,65.9667,78.3667,47.37,47.37,81,RU,0,1627429727,2.95
hare bay,48.8499,-54.0148,64.0,70.95,94,CA,100,1627429728,7.58
tiarei,-17.5333,-149.3333,82.42,82.42,72,PF,72,1627429728,9.51
ulaangom,49.9811,92.0667,63.39,63.39,77,MN,46,1627429729,5.26
leh,34.1667,77.5833,63.82,63.82,54,IN,100,1627429729,2.91
isabela,6.7085,121.9711,82.45,82.45,85,PH,91,1627429729,5.17
mount gambier,-37.8333,140.7667,46.31,46.31,93,AU,75,1627429730,10.36
kletnya,53.3897,33.2171,69.96,69.96,85,RU,100,1627429730,6.82
tuy hoa,13.0833,109.3,85.01,85.01,66,VN,100,1627429458,16.35
chimbote,-9.0853,-78.5783,65.25,65.25,84,PE,30,1627429731,10.67
ust-omchug,61.15,149.6333,48.63,48.63,73,RU,100,1627429731,7.43
yulara,-25.2406,130.9889,60.64,60.64,55,AU,90,1627429732,0.0
olovyannaya,50.95,115.5667,65.26,65.26,72,RU,9,1627429732,2.51
narsaq,60.9167,-46.05,50.22,50.22,70,GL,66,1627429732,3.31
dauphin,51.1494,-100.0502,84.34,84.34,51,CA,1,1627429733,8.05
hambantota,6.1241,81.1185,79.61,79.61,82,LK,99,1627429733,16.44
namibe,-15.1961,12.1522,65.39,65.39,81,AO,47,1627429734,0.58
olinda,-8.0089,-34.8553,76.73,76.73,73,BR,40,1627429734,9.22
victoria,22.2855,114.1577,87.55,90.97,88,HK,98,1627429734,1.01
coruripe,-10.1256,-36.1756,73.29,73.29,88,BR,42,1627429727,7.56
mago,53.2514,140.1822,75.13,75.13,73,RU,100,1627429735,2.39
las choapas,17.9333,-94.0833,81.81,81.81,81,MX,99,1627429735,7.09
gravdal,68.1214,13.5031,56.21,56.21,82,NO,7,1627429736,10.69
lata,40.1629,-8.3327,61.59,61.92,98,PT,8,1627429736,1.77
itaituba,-4.2761,-55.9836,79.18,79.18,49,BR,18,1627429737,1.03
awbari,26.5921,12.7805,84.25,84.25,19,LY,1,1627429737,8.9
hailar,49.2,119.7,68.09,68.09,72,CN,2,1627429738,7.92
sungairaya,0.7,108.9,79.54,79.54,86,ID,95,1627429739,7.2
lady lake,28.9175,-81.9229,81.7,87.03,77,US,75,1627429587,3.0
kazerun,29.6195,51.6541,91.69,91.69,18,IR,1,1627429739,9.73
tilichiki,60.4667,166.1,58.48,58.48,60,RU,75,1627429740,15.86
svetlogorsk,52.6333,29.7333,63.81,63.81,97,BY,99,1627429740,5.23
virginia beach,36.8529,-75.978,82.71,88.11,80,US,75,1627429453,4.61
mackenzie,55.2999,-123.1698,70.02,70.02,35,CA,90,1627429505,12.66
bilma,18.6853,12.9164,86.29,86.29,50,NE,75,1627429741,10.2
dingle,10.9995,122.6711,83.28,83.28,78,PH,95,1627429741,13.91
wapi pathum,15.8452,103.3768,80.11,80.33,81,TH,99,1627429742,13.44
jasrana,27.25,78.6833,78.85,78.85,89,IN,86,1627429742,11.21
kitakami,39.2833,141.1167,73.74,73.74,100,JP,75,1627429742,13.8
ruwi,23.5996,58.5507,105.49,105.49,50,OM,100,1627429743,6.69
aswan,24.0934,32.907,90.7,90.7,20,EG,0,1627429743,11.5
horsham,51.064,-0.3272,62.04,63.75,91,GB,75,1627429744,5.75
mount pleasant,32.7941,-79.8626,83.57,85.17,86,US,40,1627429623,1.99
cap malheureux,-19.9842,57.6142,69.48,69.48,87,MU,76,1627429736,8.99
itupiranga,-5.1347,-49.3267,80.37,80.37,44,BR,4,1627429745,1.57
tomatlan,19.9333,-105.25,85.68,85.68,70,MX,58,1627429745,6.46
camacha,33.0833,-16.3333,69.21,69.53,64,PT,75,1627429745,14.97
diamantino,-14.4086,-56.4461,82.26,82.26,39,BR,66,1627429746,8.57
lacey,47.0343,-122.8232,83.98,87.28,44,US,1,1627429746,1.99
melfi,40.9965,15.6514,78.46,83.23,30,IT,56,1627429747,7.38
padang,-0.9492,100.3543,75.25,75.25,87,ID,54,1627429747,3.69
itainopolis,-7.4469,-41.4783,80.49,80.49,41,BR,29,1627429747,6.42
muros,42.7762,-9.0603,64.2,65.08,79,ES,5,1627429748,8.75
bethel,41.3712,-73.414,77.76,82.49,68,US,40,1627429748,4.0
homer,59.6425,-151.5483,60.96,71.08,72,US,1,1627429692,13.8
namatanai,-3.6667,152.4333,84.88,84.88,66,PG,37,1627429749,4.9
sisimiut,66.9395,-53.6735,51.91,51.91,67,GL,100,1627429750,10.69
wenling,28.3669,121.36,80.91,80.91,88,CN,93,1627429750,11.74
palm coast,29.585,-81.2078,79.66,82.0,88,US,89,1627429750,8.99
sinop,41.7711,34.8709,62.67,62.67,93,TR,10,1627429567,3.94
praia,14.9215,-23.5087,77.54,77.54,73,CV,75,1627429751,6.91
swellendam,-34.0226,20.4417,53.98,53.98,86,ZA,86,1627429751,3.69
lerwick,60.1545,-1.1494,55.4,55.4,93,GB,58,1627429752,5.21
srandakan,-7.9386,110.2506,75.81,75.81,81,ID,81,1627429752,4.97
clonakilty,51.6231,-8.8706,56.41,56.41,80,IE,82,1627429752,14.18
altay,47.8667,88.1167,63.36,63.36,64,CN,0,1627429753,0.49
arica,-18.475,-70.3042,59.23,59.23,82,CL,90,1627429753,13.8
udachnyy,66.4167,112.4,80.31,80.31,46,RU,75,1627429754,7.0
singleton,-32.5667,151.1833,67.08,68.27,46,AU,42,1627429754,8.01
mnogovershinnyy,53.9353,139.9242,72.88,72.88,57,RU,100,1627429754,3.04
touros,-5.1989,-35.4608,76.1,76.1,84,BR,1,1627429492,12.86
toyota,35.0833,137.15,85.53,85.62,62,JP,89,1627429755,4.59
port blair,11.6667,92.75,81.68,81.68,84,IN,98,1627429755,18.54
bien hoa,10.95,106.8167,78.78,78.78,85,VN,100,1627429756,6.08
chongoyape,-6.6406,-79.3892,65.37,65.37,70,PE,33,1627429756,4.63
sao filipe,14.8961,-24.4956,74.26,74.26,82,CV,15,1627429756,6.13
guayaramerin,-10.8368,-65.3614,82.08,82.08,48,BO,75,1627429757,2.53
oshawa,43.9001,-78.8496,75.02,77.05,64,CA,40,1627429757,5.75
rawson,-43.3002,-65.1023,42.28,42.28,67,AR,48,1627429758,16.8
batagay-alyta,67.8006,130.4114,50.5,50.5,55,RU,15,1627429758,13.65
dillon,34.4166,-79.3712,81.41,85.01,73,US,97,1627429758,10.33
cherskiy,68.75,161.3,38.8,38.8,76,RU,100,1627429735,18.48
yuzhnyy,53.2542,83.6936,57.58,57.58,72,RU,40,1627429759,4.47
mangaluru,12.8667,74.8833,77.86,77.86,88,IN,75,1627429759,0.0
raton,36.9034,-104.4391,73.18,79.07,53,US,75,1627429760,3.44
koszeg,47.3892,16.541,69.33,69.33,79,HU,15,1627429760,7.65
newton,42.337,-71.2092,71.17,80.65,77,US,90,1627429761,16.11
isangel,-19.55,169.2667,75.31,75.31,73,VU,75,1627429761,11.5
salinas,36.6777,-121.6555,69.3,91.22,59,US,1,1627429595,18.41
husavik,66.0449,-17.3389,51.71,51.71,99,IS,100,1627429762,8.88
sioux lookout,50.1001,-91.917,77.07,79.18,47,CA,40,1627429486,4.61
tulagi,-9.0996,160.1476,82.31,82.31,76,SB,77,1627429762,16.96
sembe,1.6481,14.5806,72.27,72.27,89,CG,99,1627429763,2.68
ifanadiana,-21.3,47.6333,56.95,56.95,85,MG,78,1627429763,2.75
balkanabat,39.5108,54.3671,89.76,89.76,23,TM,2,1627429763,8.05
vao,-22.6667,167.4833,67.96,67.96,61,NC,100,1627429764,16.44
lehigh acres,26.6254,-81.6248,81.09,84.94,78,US,75,1627429764,3.44
santa fe,-31.6333,-60.7,50.25,51.03,37,AR,8,1627429616,5.99
gombe,10.2897,11.1673,71.65,71.65,89,NG,100,1627429765,4.56
antofagasta,-23.65,-70.4,56.48,56.48,82,CL,23,1627429765,5.06
nurobod,40.9056,69.8023,68.85,68.85,40,UZ,0,1627429766,0.51
luderitz,-26.6481,15.1594,55.35,55.35,74,NA,0,1627429766,9.22
bafia,4.75,11.2333,65.86,65.86,99,CM,71,1627429766,1.97
maceio,-9.6658,-35.7353,76.44,76.44,94,BR,75,1627429730,4.61
stuttgart,48.7823,9.177,65.77,67.6,91,DE,40,1627429767,4.61
erzin,36.9559,36.2,81.01,86.72,69,TR,0,1627429767,3.06
portland,45.5234,-122.6762,86.99,91.9,39,US,75,1627429238,1.01
bubaque,11.2833,-15.8333,80.17,80.17,81,GW,98,1627429768,9.42
sojat,25.9167,73.6667,78.91,78.91,83,IN,100,1627429768,15.95
zemio,5.0314,25.1361,68.92,68.92,96,CF,93,1627429769,0.31
manokwari,-0.8667,134.0833,81.79,81.79,72,ID,79,1627429769,2.57
bilibino,68.0546,166.4372,42.4,42.4,82,RU,100,1627429770,1.45
ust-kulom,61.6864,53.6902,43.72,43.72,96,RU,98,1627429770,7.94
digha,21.6833,87.55,80.65,80.65,84,IN,100,1627429770,8.05
general pico,-35.6566,-63.7568,40.71,40.71,56,AR,69,1627429771,12.15
farrukhnagar,17.0778,78.2011,73.11,73.11,89,IN,99,1627429771,15.75
margate,51.3813,1.3862,61.79,63.3,86,GB,29,1627429772,1.99
mbanza-ngungu,-5.25,14.8667,67.78,67.78,74,CD,45,1627429772,8.68
kamenka,51.3223,42.7678,61.43,61.43,83,RU,6,1627429772,4.41
buala,-8.145,159.5921,82.45,82.45,75,SB,96,1627429738,9.91
kondinskoye,59.6481,67.41,44.24,44.24,83,RU,19,1627429773,5.41
neiafu,-18.65,-173.9833,79.48,79.48,78,TO,75,1627429773,4.61
the valley,18.217,-63.0578,82.49,82.54,74,AI,20,1627429774,10.36
meghri,38.9029,46.2446,70.47,70.47,77,AM,43,1627429774,6.78
yablonovo,50.8523,37.3574,67.86,67.86,52,RU,13,1627429775,4.61
pyrzyce,53.1462,14.8926,63.14,69.19,79,PL,82,1627429775,5.48
olga,43.7444,135.2892,79.63,79.63,67,RU,2,1627429775,2.82
sabang,5.8933,95.3214,82.85,82.85,76,ID,51,1627429776,19.8
dawei,14.0833,98.2,78.12,78.12,93,MM,100,1627429776,4.23
manicore,-5.8092,-61.3003,82.35,82.35,78,BR,2,1627429776,2.3
huainan,32.6264,116.9969,75.7,75.7,97,CN,100,1627429777,14.76
vostok,46.4856,135.8833,85.48,85.48,56,RU,85,1627429777,1.77
bathsheba,13.2167,-59.5167,81.21,81.21,78,BB,40,1627429778,16.11
tanda,26.55,82.65,80.85,80.85,88,IN,93,1627429778,8.39
sampit,-2.5333,112.95,77.77,77.77,84,ID,94,1627429779,3.33
angoche,-16.2325,39.9086,67.15,67.15,79,MZ,16,1627429779,7.25
fuyu,45.1833,124.8167,79.25,79.25,68,CN,93,1627429780,5.19
mayumba,-3.432,10.6554,73.06,73.06,89,GA,91,1627429780,5.41
mineiros,-17.5694,-52.5511,74.1,74.1,44,BR,74,1627429780,10.38
bemidji,47.4736,-94.8803,82.38,87.15,50,US,1,1627429781,8.05
chistogorskiy,53.9835,87.3843,54.5,54.5,90,RU,0,1627429781,1.3
sao jose da tapera,-9.5583,-37.3811,67.35,67.35,96,BR,20,1627429782,4.65
wagar,16.1525,36.2032,78.76,78.76,75,SD,51,1627429782,12.35
lannion,48.75,-3.4167,58.89,58.98,88,FR,75,1627429782,12.66
canora,51.6333,-102.4343,87.82,87.82,21,CA,1,1627429783,14.56
muravlenko,63.7898,74.523,54.48,54.48,93,RU,96,1627429783,7.49
lazaro cardenas,17.9583,-102.2,84.67,84.67,74,MX,67,1627429784,4.03
axim,4.8699,-2.2405,75.72,75.72,81,GH,99,1627429784,9.01
alpena,45.0617,-83.4327,72.16,75.94,73,US,10,1627429785,3.87
pacific grove,36.6177,-121.9166,65.21,90.81,80,US,20,1627429785,1.01
kailua,21.4022,-157.7394,83.82,89.58,66,US,40,1627429785,16.11
taguatinga,-12.3857,-46.5711,74.82,74.82,31,BR,2,1627429786,2.8
almansa,38.8692,-1.0971,67.82,71.69,70,ES,0,1627429786,4.03
ulundi,-28.3352,31.4162,50.85,50.85,39,ZA,2,1627429787,5.32
fairbanks,64.8378,-147.7164,63.97,69.1,68,US,20,1627429787,6.91
nedjo,9.5046,35.5019,57.15,57.15,99,ET,100,1627429787,2.51
qui nhon,13.7667,109.2333,84.83,84.83,68,VN,99,1627429788,14.61
moose factory,51.2585,-80.6094,64.38,64.4,63,CA,1,1627429788,9.22
kirensk,57.7853,108.1119,73.89,73.89,51,RU,0,1627429789,0.29
baykit,61.67,96.37,68.47,68.47,82,RU,100,1627429789,3.0
herat,34.5,62.0,73.98,73.98,18,AF,1,1627429789,26.64
ereymentau,51.6199,73.1033,52.83,52.83,56,KZ,13,1627429790,5.06
puerto ayacucho,5.6639,-67.6236,77.16,77.16,87,VE,97,1627429790,3.65
sao joao da barra,-21.6403,-41.0511,71.87,71.87,87,BR,2,1627429790,20.22
beinamar,8.6698,15.3813,68.94,68.94,97,TD,100,1627429791,3.15
gravelbourg,49.8834,-106.5512,98.87,98.87,10,CA,67,1627429791,14.23
yenagoa,4.9247,6.2642,73.17,73.17,87,NG,96,1627429792,4.18
marzuq,14.4,46.4667,75.33,75.33,71,YE,40,1627429792,6.91
zemen,42.4789,22.7492,73.08,73.08,52,BG,0,1627429793,1.54
atar,20.5169,-13.0499,92.05,92.05,22,MR,81,1627429793,6.15
aleksandrovskoye,44.7142,43.0008,60.94,60.94,94,RU,100,1627429793,4.52
kouroussa,10.65,-9.8833,72.64,72.64,95,GN,99,1627429794,7.09
mut,36.6439,33.4389,77.56,77.56,44,TR,0,1627429794,11.99
port lincoln,-34.7333,135.8667,54.25,54.25,63,AU,7,1627429795,26.33
kinsale,51.7075,-8.5306,56.57,56.57,82,IE,40,1627429795,4.61
paamiut,61.994,-49.6678,44.76,44.76,79,GL,12,1627429796,5.88
blythe,33.6103,-114.5964,108.05,109.04,13,US,1,1627429796,3.44
cascais,38.6979,-9.4215,66.06,67.86,74,PT,0,1627429796,17.0
la asuncion,11.0333,-63.8628,91.13,91.13,58,VE,4,1627429797,13.8
fare,-16.7,-151.0167,78.42,78.42,72,PF,33,1627429797,7.74
zamora,-4.0692,-78.9567,68.34,68.34,90,EC,64,1627429797,0.83
sherghati,24.5667,84.7833,80.22,80.22,90,IN,100,1627429798,7.23
billings,45.7833,-108.5007,103.06,103.77,13,US,20,1627428986,8.05
hovd,48.0056,91.6419,66.97,66.97,46,MN,0,1627429798,2.86
parana,-31.732,-60.5238,49.21,50.58,41,AR,15,1627429624,8.1
amla,21.9333,78.1167,70.16,70.16,90,IN,100,1627429799,12.57
santa cruz,-17.8,-63.1667,60.85,62.06,33,BO,75,1627429564,19.57
krasnyy chikoy,50.3643,108.7512,60.76,60.76,83,RU,33,1627429800,1.1
